"numerovolo","nome"
376,"AT234"
475,"AIR-132"
896,"AT234"
808,"AIR-132"
548,"AT234"
919,"AIR-132"
350,"AT234"
935,"Sartin95"
99,"Sartin95"
815,"AT234"
859,"Sartin95"
470,"AT234"
88,"AIR-132"
49,"AIR-132"
483,"AT234"
115,"AT234"
849,"AIR-132"
598,"AIR-132"
763,"AT234"
437,"AT234"
764,"AIR-132"
761,"Sartin95"
752,"AT234"
163,"AT234"
559,"AT234"
67,"s9s-32"
341,"s9s-32"
20,"AT234"
388,"AT234"
863,"AT234"
891,"s9s-32"
662,"AT234"
211,"AT234"
967,"s9s-32"
147,"AIR-132"
924,"AIR-132"
61,"AT234"
347,"s9s-32"
277,"AT234"
735,"Sartin95"
130,"AT234"
610,"AT234"
442,"AIR-345"
654,"AT234"
675,"AIR-345"
541,"AT234"
728,"AIR-345"
246,"AT234"
